depStore,total_sales,average_sales
StoreB,770,256.6666666666667
StoreC,880,293.3333333333333
StoreA,1090,272.5
